[
  {
    "hospitalName": "上秦镇1中心卫生院",
    "hospitalRank": "1",
    "hospitalPhone": null,
    "hospitalContact": null,
    "hospitalNumber": "6207002100201",
    "aab034": "410700"
  },
  {
    "hospitalName": "三闸镇1卫生院",
    "hospitalRank": "1",
    "hospitalPhone": "18093608900",
    "hospitalContact": "闫红霞",
    "hospitalNumber": "6207002100202",
    "aab034": "410700"
  },
  {
    "hospitalName": "龙渠乡1卫生院",
    "hospitalRank": "1",
    "hospitalPhone": "13239361496",
    "hospitalContact": "王燚",
    "hospitalNumber": "6207002100203",
    "aab034": "410700"
  }
]
