[
  {
    "admdvs": "大悟县",
    "insuPoolarea": "420922",
    "poolarea": "420900",
    "hbsddbm": "42092220075",
    "akb020": "42092220075",
    "akc190": "2019031562710023",
    "ake005": "dw250307005",
    "ake006": "血清尿酸测定",
    "ake001": "250307005",
    "psnNo": "0013199184",
    "akc221": "20190315081226",
    "ake010": "20190315081259",
    "aka063": "04",
    "aka065": "1",
    "ake003": "2",
    "akc225": "5",
    "akc226": "1",
    "aae019": "5",
    "akc228": "0",
    "akc268": "0",
    "aka068": "0",
    "ake051": "0",
    "timeSmp": "2020-03-13 10:31:49.0",
    "ake002": "血清尿酸测定"
  },
  {
    "admdvs": "大悟县",
    "insuPoolarea": "420922",
    "poolarea": "420900",
    "hbsddbm": "42092220075",
    "akb020": "42092220075",
    "akc190": "2019031562710023",
    "ake005": "dw250307009",
    "ake006": "β2微球蛋白测定",
    "ake001": "250301014",
    "psnNo": "0013199184",
    "akc221": "20190315081226",
    "ake010": "20190315081259",
    "aka063": "04",
    "aka065": "1",
    "ake003": "2",
    "akc225": "20",
    "akc226": "1",
    "aae019": "20",
    "akc228": "0",
    "akc268": "0",
    "aka068": "0",
    "ake051": "0",
    "timeSmp": "2020-03-13 10:31:49.0",
    "ake002": "β2微球蛋白测定"
  }
]