{
  "items": [
    {
      "projectNumber": "12003001-a",
      "projectName": "氧气吸入（中心给氧）",
      "medSelfPayProportion": 0.0,
      "medicareUseFlag": "1",
      "itemLevel": "1"
    },
    {
      "projectNumber": "12003001-a",
      "projectName": "氧气吸入（中心给氧）",
      "medSelfPayProportion": 0.0,
      "medicareUseFlag": "1",
      "itemLevel": "1"
    },
    {
      "projectNumber": "12003001-a",
      "projectName": "氧气吸入（中心给氧）",
      "medSelfPayProportion": 0.0,
      "medicareUseFlag": "1",
      "itemLevel": "1"
    },
    {
      "projectNumber": "12003001-a",
      "projectName": "氧气吸入（中心给氧）",
      "medSelfPayProportion": 0.0,
      "medicareUseFlag": "1",
      "itemLevel": "1"
    },
    {
      "projectNumber": "12003001-a",
      "projectName": "氧气吸入（中心给氧）",
      "medSelfPayProportion": 0.0,
      "medicareUseFlag": "1",
      "itemLevel": "1"
    }
  ]
}