[
  {
    "title": "基本医疗保险关系转移办事指南",
    "imgUrl": "/demo/demo-image/demo1.png",
    "keyword": "1",
    "time": "2020-03-26 12:00:00"
  },
  {
    "title": "基本医疗保险关系转移办事指南",
    "imgUrl": "/demo/demo-image/demo1.png",
    "keyword": "2",
    "time": "2020-03-26 12:00:00"
  },
  {
    "title": "基本医疗保险关系转移办事指南",
    "imgUrl": "/demo/demo-image/demo1.png",
    "keyword": "3",
    "time": "2020-03-26 12:00:00"
  }
]