{
  "items": [
    {
      "companyNumber": "asdfasdfasdfasdf123",
      "insuredCompany": "东软集团股份有限公司",
      "insuredCode": "城乡居民医疗保险",
      "paymentState": "1",
      "personNumber": "APTX091230123"
    },
    {
      "companyNumber": "参保单位代码",
      "insuredCompany": "参保单位",
      "insuredCode": "参保险种",
      "paymentState": "0",
      "personNumber": "个人编号"
    },
    {
      "companyNumber": "参保单位代码",
      "insuredCompany": "参保单位",
      "insuredCode": "参保险种",
      "paymentState": "参保状态",
      "personNumber": "个人编号"
    },
    {
      "companyNumber": "参保单位代码",
      "insuredCompany": "参保单位",
      "insuredCode": "参保险种",
      "paymentState": "参保状态",
      "personNumber": "个人编号"
    },
    {
      "companyNumber": "参保单位代码",
      "insuredCompany": "参保单位",
      "insuredCode": "参保险种",
      "paymentState": "参保状态",
      "personNumber": "个人编号"
    }
  ]
}