[
  {
    "aka188": "Y1",
    "ake099": "L86901841000092",
    "ake101": "X-A05BA-J050-B001",
    "aka061": "注射用甲硫氨酸维B1",
    "aka168": "倍辛",
    "aka071": "注射剂",
    "aka072": null,
    "aka059": "甲硫氨酸40mg与维生素B14mg",
    "aka060": null,
    "aka062": null,
    "aka063": null,
    "aka064": null,
    "aka067": null,
    "aka098": "湖北潜龙药业有限公司",
    "aka089": "国药准字H20051869",
    "ake114": "86901841000092",
    "aka065": "3"
  },
  {
    "aka188": "Y1",
    "ake099": "L86901874000670",
    "ake101": "X-A05BA-J050-B001",
    "aka061": "注射用甲硫氨酸维B1",
    "aka168": null,
    "aka071": "注射剂",
    "aka072": null,
    "aka059": "甲硫氨酸40mg与维生素B1 4mg",
    "aka060": null,
    "aka062": null,
    "aka063": null,
    "aka064": null,
    "aka067": null,
    "aka098": "湖北午时药业股份有限公司",
    "aka089": "国药准字H20060256",
    "ake114": "86901874000670",
    "aka065": "3"
  },
  {
    "aka188": "Y1",
    "ake099": "L86904478000275",
    "ake101": "X-A05BA-J050-B001",
    "aka061": "注射用甲硫氨酸维B1",
    "aka168": null,
    "aka071": "注射剂",
    "aka072": null,
    "aka059": "甲硫氨酸40mg与维生素B1 4mg",
    "aka060": null,
    "aka062": null,
    "aka063": null,
    "aka064": null,
    "aka067": null,
    "aka098": "杭州国光药业股份有限公司",
    "aka089": "国药准字H20060221",
    "ake114": "86904478000275",
    "aka065": "3"
  },
  {
    "aka188": "Y1",
    "ake099": "L86900978004300",
    "ake101": "X-A05BA-J050-B001",
    "aka061": "注射用甲硫氨酸维B1",
    "aka168": "维定喜",
    "aka071": "注射剂",
    "aka072": null,
    "aka059": "甲硫氨酸40mg与维生素B1 4mg",
    "aka060": null,
    "aka062": null,
    "aka063": null,
    "aka064": null,
    "aka067": null,
    "aka098": "西南药业股份有限公司",
    "aka089": "国药准字H20060965",
    "ake114": "86900978004300",
    "aka065": "3"
  },
  {
    "aka188": "Y1",
    "ake099": "L86903355000537",
    "ake101": "X-A05BA-J050-B001",
    "aka061": "注射用甲硫氨酸维B1",
    "aka168": null,
    "aka071": "注射剂",
    "aka072": null,
    "aka059": "甲硫氨酸40mg与维生素B1 4mg",
    "aka060": null,
    "aka062": null,
    "aka063": null,
    "aka064": null,
    "aka067": null,
    "aka098": "吉林敖东药业集团延吉股份有限公司",
    "aka089": "国药准字H20060821",
    "ake114": "86903355000537",
    "aka065": "3"
  },
  {
    "aka188": "Y1",
    "ake099": "L86905670000155",
    "ake101": "X-A05BA-J050-B001",
    "aka061": "注射用甲硫氨酸维B1",
    "aka168": null,
    "aka071": "注射剂",
    "aka072": null,
    "aka059": "甲硫氨酸40mg与维生素B1 4mg",
    "aka060": null,
    "aka062": null,
    "aka063": null,
    "aka064": null,
    "aka067": null,
    "aka098": "云南盟生药业有限公司",
    "aka089": "国药准字H20060852",
    "ake114": "86905670000155",
    "aka065": "3"
  },
  {
    "aka188": "Y1",
    "ake099": "L86905289000355",
    "ake101": "X-A11DA-W036-A001",
    "aka061": "维生素B1片",
    "aka168": null,
    "aka071": "片剂",
    "aka072": null,
    "aka059": "5mg",
    "aka060": null,
    "aka062": null,
    "aka063": null,
    "aka064": null,
    "aka067": null,
    "aka098": "江西广信药业有限公司",
    "aka089": "国药准字H36020520",
    "ake114": "86905289000355",
    "aka065": "2"
  },
  {
    "aka188": "Y1",
    "ake099": "L86905388002403",
    "ake101": "X-A11DA-W036-A001",
    "aka061": "维生素B1片",
    "aka168": null,
    "aka071": "片剂",
    "aka072": null,
    "aka059": "5mg",
    "aka060": null,
    "aka062": null,
    "aka063": null,
    "aka064": null,
    "aka067": null,
    "aka098": "江西制药有限责任公司",
    "aka089": "国药准字H36020855",
    "ake114": "86905388002403",
    "aka065": "2"
  },
  {
    "aka188": "Y1",
    "ake099": "L86905375001181",
    "ake101": "X-A11DA-W036-A001",
    "aka061": "维生素B1片",
    "aka168": null,
    "aka071": "片剂",
    "aka072": null,
    "aka059": "5mg",
    "aka060": null,
    "aka062": null,
    "aka063": null,
    "aka064": null,
    "aka067": null,
    "aka098": "江西新赣江药业有限公司",
    "aka089": "国药准字H36021464",
    "ake114": "86905375001181",
    "aka065": "2"
  },
  {
    "aka188": "Y1",
    "ake099": "L86902933000273",
    "ake101": "X-A11DA-W036-A001",
    "aka061": "维生素B1片",
    "aka168": null,
    "aka071": "片剂",
    "aka072": null,
    "aka059": "5mg",
    "aka060": null,
    "aka062": null,
    "aka063": null,
    "aka064": null,
    "aka067": null,
    "aka098": "山西省临汾健民制药厂",
    "aka089": "国药准字H14021504",
    "ake114": "86902933000273",
    "aka065": "2"
  }
]
