{
  "items": [
    {
      "name": "第一人民医院",
      "agencyType": "44",
      "telephone": "15802479250",
      "agencyLevel": "01",
      "isMedicareAgency": "0",
      "isBearingAgency": "1",
      "isInjureAgency": "0",
      "isDiseasesAgency": "1",
      "address": "辽宁省沈阳市浑南区"
    },
    {
      "name": "第一人民医院",
      "agencyType": "44",
      "telephone": "15802479250",
      "agencyLevel": "01",
      "isMedicareAgency": "0",
      "isBearingAgency": "1",
      "isInjureAgency": "0",
      "isDiseasesAgency": "1",
      "address": "辽宁省沈阳市浑南区"
    },
    {
      "name": "第一人民医院",
      "agencyType": "44",
      "telephone": "15802479250",
      "agencyLevel": "01",
      "isMedicareAgency": "0",
      "isBearingAgency": "1",
      "isInjureAgency": "0",
      "isDiseasesAgency": "1",
      "address": "辽宁省沈阳市浑南区"
    },
    {
      "name": "第一人民医院",
      "agencyType": "44",
      "telephone": "15802479250",
      "agencyLevel": "01",
      "isMedicareAgency": "0",
      "isBearingAgency": "1",
      "isInjureAgency": "0",
      "isDiseasesAgency": "1",
      "address": "辽宁省沈阳市浑南区"
    },
    {
      "name": "第一人民医院",
      "agencyType": "44",
      "telephone": "15802479250",
      "agencyLevel": "01",
      "isMedicareAgency": "0",
      "isBearingAgency": "1",
      "isInjureAgency": "0",
      "isDiseasesAgency": "1",
      "address": "辽宁省沈阳市浑南区"
    },
    {
      "name": "第一人民医院",
      "agencyType": "44",
      "telephone": "15802479250",
      "agencyLevel": "01",
      "isMedicareAgency": "0",
      "isBearingAgency": "1",
      "isInjureAgency": "0",
      "isDiseasesAgency": "1",
      "address": "辽宁省沈阳市浑南区"
    }
  ]
}