[
  {
    "id": "0",
    "label": "首页",
    "path": "/home",
    "index": 0
  },
  {
    "id": "1",
    "label": "业务申办",
    "index": 1,
    "path": "/apply",
    "children": [
      {
        "id": "11",
        "label": "单位缴费管理",
        "path": "/company",
        "index": 1,
        "children": [
          {
            "id": "111",
            "label": "单位基本信息变更",
            "path": "/apply/company/modifyinfo",
            "index": 1
          },
          {
            "id": "112",
            "label": "ttt",
            "path": "/apply/company/test",
            "index": 2
          }
        ]
      },
      {
        "id": "12",
        "label": "职工缴费管理",
        "path": "/employee",
        "index": 2,
        "children": [
          {
            "id": "121",
            "label": "职工基本信息变更",
            "path": "/apply/person/modifyinfo",
            "index": 1
          },
          {
            "id": "122",
            "label": "职工增员",
            "path": "/apply/register",
            "index": 1
          },
          {
            "id": "123",
            "label": "职工补收申报",
            "path": "/apply/supplementreceiptde",
            "index": 6
          }
        ]
      },
      {
        "id": "13",
        "label": "异地就医管理",
        "path": "/relocation",
        "index": 3,
        "children": [
          {
            "id": "131",
            "label": "异地就医备案申请",
            "path": "/apply/outmedicalrecord",
            "index": 4
          },
          {
            "id": "132",
            "label": "异地就医备案取消",
            "path": "/apply/outmedrecordcancel",
            "index": 5
          }
        ]
      }
    ]
  },
  {
    "id": "2",
    "label": "查询打印",
    "index": 2,
    "path": "/search",
    "children": [
      {
        "id": "21",
        "label": "单位信息查询",
        "path": "",
        "index": 2,
        "children": [
          {
            "id": "221",
            "label": "单位缴费信息查询",
            "path": "/search/companypaymentinfo",
            "index": 3
          }
        ]
      },
      {
        "id": "22",
        "label": "职工信息查询",
        "path": "/employee",
        "index": 5,
        "children": [
          {
            "id": "221",
            "label": "职工参保花名册查询",
            "path": "/search/employeerosterinfo",
            "index": 4
          },
          {
            "id": "222",
            "label": "职工缴费信息查询",
            "path": "/search/employeepaymentinfo",
            "index": 4
          }
        ]
      },
      {
        "id": "31",
        "label": "证明打印",
        "path": "/report",
        "index": 1,
        "children": [
          {
            "id": "311",
            "label": "单位缴费通知单打印",
            "path": "/search/report/paymentnotifyprint",
            "index": 4
          },
          {
            "id": "312",
            "label": "单位缴费证明打印",
            "path": "/search/report/paymentproofprint",
            "index": 5
          },
          {
            "id": "313",
            "label": "打印示例",
            "path": "/print/proof/reportdemo",
            "index": 5
          }
        ]
      }
    ]
  },
  {
    "id": "4",
    "label": "账号管理",
    "index": 4,
    "path": "/personcenter",
    "children": [
      {
        "id": "41",
        "label": "个人信息修改",
        "index": 4,
        "path": "/personcenter"
      }
    ]
  }
]
