{
  "personId": 41079911327491,
  "personNumber": "41079911327491",
  "aac001": "41079911327491",
  "aab001": "410700100081",
  "aac002": "110101198001010010",
  "aac003": "测试10",
  "aac004": "1",
  "aac005": "03",
  "aac006": 315504000000,
  "aac007": 946656000000,
  "aac009": null,
  "aab301": "410700",
  "aac010": null,
  "aac011": "21",
  "aac012": "1",
  "aac013": null,
  "aac014": null,
  "aac015": null,
  "aac008": "01",
  "aac017": "2",
  "aac019": null,
  "aac020": null,
  "aac024": "13",
  "aae005": "1359457",
  "aae006": "199",
  "aac026": "测试地址",
  "aae007": "453000",
  "aae011": "lcf1",
  "aae036": 1497801600000,
  "aae013": null,
  "aic162": null,
  "akc020": "G10",
  "akc021": "11",
  "aae008": null,
  "aae010": null,
  "aic001": 0,
  "ajc001": 0,
  "akc002": 0,
  "aac01a": null,
  "acc0j4": null,
  "bac119": "111",
  "bac118": null,
  "bkc032": null,
  "bic147": null,
  "bac120": null,
  "aac033": null,
  "aac021": null,
  "aja004": null,
  "akc030": null,
  "aac031": "1",
  "acd001": null,
  "acd002": null,
  "acd003": null,
  "acd004": null,
  "acd005": null,
  "acd006": null,
  "acd007": null,
  "acd008": null,
  "acd009": null,
  "acd010": null,
  "acd011": "998",
  "acd012": null,
  "acd013": null,
  "acd014": null,
  "acd015": null,
  "aab034": "410799",
  "acd016": null,
  "aac093": null,
  "aac094": null,
  "aac095": null,
  "aac096": null,
  "aac097": null,
  "aac098": null,
  "aac099": "1",
  "aae603": "156",
  "aac058": null,
  "aac147": null,
  "aae170": null,
  "aac027": null,
  "aae015": null,
  "aac100": null,
  "personInsurance": [
    {
      "aab001": "410700100081",
      "aac001": "41079911327491",
      "aae140": "31",
      "aae041": "201802",
      "aae042": null,
      "aac031": "1",
      "aac037": "1",
      "aac130": 20000101,
      "bac014": null,
      "aae011": "lcf1",
      "aae036": 20170619,
      "aac051": 201706191514006275,
      "companyName": "异地就医测试单位"
    },
    {
      "aab001": "410782101222",
      "aac001": "41079911327491",
      "aae140": "31",
      "aae041": "200001",
      "aae042": "201801",
      "aac031": "1",
      "aac037": "1",
      "aac130": 20000101,
      "bac014": null,
      "aae011": "lcf1",
      "aae036": 20170619,
      "aac051": 201706191514006275,
      "companyName": "孟电集团水泥有限公司2"
    },
    {
      "aab001": "410700100081",
      "aac001": "41079911327491",
      "aae140": "32",
      "aae041": "200001",
      "aae042": null,
      "aac031": "1",
      "aac037": "1",
      "aac130": 20000101,
      "bac014": null,
      "aae011": "lcf1",
      "aae036": 20170619,
      "aac051": 201706191514006275,
      "companyName": "异地就医测试单位"
    },
    {
      "aab001": "410700100081",
      "aac001": "41079911327491",
      "aae140": "33",
      "aae041": "200001",
      "aae042": null,
      "aac031": "1",
      "aac037": "1",
      "aac130": 20000101,
      "bac014": null,
      "aae011": "lcf1",
      "aae036": 20170619,
      "aac051": 201706191514006275,
      "companyName": "异地就医测试单位"
    },
    {
      "aab001": "410700100081",
      "aac001": "41079911327491",
      "aae140": "51",
      "aae041": "200001",
      "aae042": null,
      "aac031": "1",
      "aac037": "1",
      "aac130": 20000101,
      "bac014": null,
      "aae011": "lcf1",
      "aae036": 20170619,
      "aac051": 201706191514006275,
      "companyName": "异地就医测试单位"
    }
  ]
}