[
  {
    "admdvs": "江汉区",
    "insuPoolarea": "420103",
    "poolarea": "420100",
    "psnNo": "4201005677142",
    "certType": "01",
    "certNo": "42070419850226059X",
    "psnClctStas": "1",
    "insuStas": "1",
    "psnType": "10",
    "insuType": "11",
    "begnYm": "201010",
    "expiYm": "999912",
    "timeSmp": "2020-03-25 00:19:44.0"
  },
  {
    "admdvs": "江汉区",
    "insuPoolarea": "420103",
    "poolarea": "420100",
    "psnNo": "4201005677142",
    "certType": "01",
    "certNo": "42070419850226059X",
    "psnClctStas": "1",
    "insuStas": "1",
    "psnType": "10",
    "insuType": "31",
    "begnYm": "201010",
    "expiYm": "999912",
    "timeSmp": "2020-03-25 00:19:44.0"
  }
]