{
  "useful": [
    {
      "icon": "/demo/images/icons/05.png"
    },
    {
      "icon": "/demo/images/icons/014040000.png"
    },
    {
      "icon": "/demo/images/icons/014060000.png"
    },
    {
      "icon": "/demo/images/icons/014080000.png"
    },
    {
      "icon": "/demo/images/icons/014270000.png"
    }
  ],
  "serveList": [
    {
      "title": "权益查询",
      "funList": [
        {
          "name": "职工缴费明细查询",
          "icon": "/demo/images/icons/05.png",
          "url": "/layout/serve/pages/search-demo"
        },
        {
          "name": "职工缴费询",
          "icon": "/demo/images/icons/014040000.png"
        },
        {
          "name": "职细查询",
          "icon": "/demo/images/icons/014060000.png"
        },
        {
          "name": "职工缴查询",
          "icon": "/demo/images/icons/014080000.png"
        },
        {
          "name": "职工",
          "icon": "/demo/images/icons/014270000.png"
        },
        {
          "name": "职工缴费明细查询",
          "icon": "/demo/images/icons/014290000.png"
        },
        {
          "name": "职工缴费明细查询",
          "icon": "/demo/images/icons/014360000.png"
        }
      ]
    },
    {
      "title": "权益查询",
      "funList": [
        {
          "name": "职工缴费明细查询",
          "icon": "/demo/images/icons/05.png"
        },
        {
          "name": "职工缴费明细查询",
          "icon": "/demo/images/icons/014040000.png"
        },
        {
          "name": "职工缴费明细查询",
          "icon": "/demo/images/icons/014060000.png"
        },
        {
          "name": "职工缴费明细查询",
          "icon": "/demo/images/icons/014080000.png"
        },
        {
          "name": "职工缴费明细查询",
          "icon": "/demo/images/icons/014270000.png"
        },
        {
          "name": "职工缴费明细查询",
          "icon": "/demo/images/icons/014290000.png"
        },
        {
          "name": "职工缴费明细查询",
          "icon": "/demo/images/icons/014360000.png"
        }
      ]
    },
    {
      "title": "权益查询",
      "funList": [
        {
          "name": "职工缴费明细查询",
          "icon": "/demo/images/icons/05.png"
        },
        {
          "name": "职工缴费询",
          "icon": "/demo/images/icons/014040000.png"
        },
        {
          "name": "职细查询",
          "icon": "/demo/images/icons/014060000.png"
        },
        {
          "name": "职工缴查询",
          "icon": "/demo/images/icons/014080000.png"
        },
        {
          "name": "职工",
          "icon": "/demo/images/icons/014270000.png"
        },
        {
          "name": "职工缴费明细查询",
          "icon": "/demo/images/icons/014290000.png"
        },
        {
          "name": "职工缴费明细查询",
          "icon": "/demo/images/icons/014360000.png"
        }
      ]
    }
  ]
}