{
  "account": "410702198801281548",
  "name": "于淼",
  "email": null,
  "mobile": "15942242540",
  "idNumber": "410702198801281548",
  "associatedCompanys": [],
  "associatedPersons": [
    {
      "id": "41079910581569",
      "personNumber": "41079910581569",
      "name": "于淼"
    }
  ],
  "roles": [
    "ROLE_PERSON1"
  ],
  "apps": [
    {
      "id": "ehrss-si-person",
      "name": "12",
      "desc": "12",
      "url": "12"
    }
  ],
  "userType": "2",
  "headImgUrl": null,
  "hasRealNameAuth": false,
  "organization": null,
  "mainCompanyNumber": null
}