{
  "items": [
    {
      "insuranceCode": "310",
      "medicalType": "1",
      "visitType": "11",
      "disease": "糖尿病",
      "medicalAmount": 1220,
      "overallPay": null,
      "illnessPay": 120,
      "personAccountPay": null,
      "personalPay": null,
      "personalCare": null,
      "operationDate": null,
      "remark": null
    },
    {
      "insuranceCode": "310",
      "medicalType": "1",
      "visitType": "11",
      "disease": "糖尿病",
      "medicalAmount": 1220,
      "overallPay": null,
      "illnessPay": 120,
      "personAccountPay": null,
      "personalPay": null,
      "personalCare": null,
      "operationDate": null,
      "remark": null
    },
    {
      "insuranceCode": "310",
      "medicalType": "1",
      "visitType": "11",
      "disease": "糖尿病",
      "medicalAmount": 1220,
      "overallPay": null,
      "illnessPay": 120,
      "personAccountPay": null,
      "personalPay": null,
      "personalCare": null,
      "operationDate": null,
      "remark": null
    },
    {
      "insuranceCode": "310",
      "medicalType": "1",
      "visitType": "11",
      "disease": "糖尿病",
      "medicalAmount": 1220,
      "overallPay": null,
      "illnessPay": 120,
      "personAccountPay": null,
      "personalPay": null,
      "personalCare": null,
      "operationDate": null,
      "remark": null
    },
    {
      "insuranceCode": "310",
      "medicalType": "1",
      "visitType": "11",
      "disease": "糖尿病",
      "medicalAmount": 1220,
      "overallPay": null,
      "illnessPay": 120,
      "personAccountPay": null,
      "personalPay": null,
      "personalCare": null,
      "operationDate": null,
      "remark": null
    },
    {
      "insuranceCode": "310",
      "medicalType": "1",
      "visitType": "11",
      "disease": "糖尿病",
      "medicalAmount": 1220,
      "overallPay": null,
      "illnessPay": 120,
      "personAccountPay": null,
      "personalPay": null,
      "personalCare": null,
      "operationDate": null,
      "remark": null
    }
  ]
}